system,threshold,precision,recall,false_positive_rate,review_rate
Jev,0.0,0.01,1.0,1.0,1.0
Jev,7.04,0.01,1.0,1.0,1.0
Jev,7.24,0.010698047606311848,1.0,0.9340909090909091,0.93475
Jev,7.92,0.013568521031207599,1.0,0.7343434343434343,0.737
Jev,8.04,0.011584454409566517,0.775,0.6679292929292929,0.669
Jev,8.11,0.014452214452214453,0.775,0.5338383838383839,0.53625
Jev,8.61,0.01647183846971307,0.775,0.4674242424242424,0.4705
Jev,8.66,0.019135802469135803,0.775,0.40126262626262627,0.405
Jev,9.04,0.028466483011937556,0.775,0.26717171717171717,0.27225
Jev,9.91,0.05555555555555555,0.775,0.13308080808080808,0.1395
Jev,14.15,0.10508474576271186,0.775,0.06666666666666667,0.07375
Jev,45.13,0.08650519031141868,0.625,0.06666666666666667,0.07225
Jev,45.51,1.0,0.625,0.0,0.00625
Jev,60.6,1.0,0.45,0.0,0.0045
Jev,70.75,1.0,0.3,0.0,0.003
Jev,89.37,1.0,0.125,0.0,0.00125
Jev,100.000001,0,0.0,0.0,0.0
Hybrid,0.0,0.01,1.0,1.0,1.0
Hybrid,3.66,0.01,1.0,1.0,1.0
Hybrid,3.97,0.010698047606311848,1.0,0.9340909090909091,0.93475
Hybrid,4.01,0.008941447937698297,0.775,0.8676767676767677,0.86675
Hybrid,4.04,0.01055858310626703,0.775,0.7335858585858586,0.734
Hybrid,4.21,0.011597456041900486,0.775,0.6671717171717172,0.66825
Hybrid,4.23,0.012857735379510576,0.775,0.601010101010101,0.60275
Hybrid,4.36,0.01648936170212766,0.775,0.4669191919191919,0.47
Hybrid,4.67,0.022979985174203115,0.775,0.3328282828282828,0.33725
Hybrid,4.93,0.0285451197053407,0.775,0.26641414141414144,0.2715
Hybrid,18.2,0.10508474576271186,0.775,0.06666666666666667,0.07375
Hybrid,19.25,1.0,0.775,0.0,0.00775
Hybrid,35.51,1.0,0.625,0.0,0.00625
Hybrid,53.63,1.0,0.475,0.0,0.00475
Hybrid,67.03,1.0,0.3,0.0,0.003
Hybrid,76.76,1.0,0.175,0.0,0.00175
Hybrid,100.000001,0,0.0,0.0,0.0
